<?xml version="1.0" encoding="UTF-8" standalone="yes"?>
<addon id="script.module._addon" 
	     name="_addon" 
	     version="0.0.2" 
	     provider-name="dbsr">
  <requires>
    <import addon="xbmc.python" version="2.1.0" />
  </requires>
  <extension point="xbmc.python.module" library="lib" />
  <extension point="xbmc.addon.metadata">
    <platform>all</platform>
    <summary lang="en">A customized version of t0mm0's xbmc addon routines</summary>
    <description lang="en">A customized version of t0mm0's xbmc addon routines. See CREDITS for more information</description>
  </extension>
</addon>
